dt_gmt8,cum_bankroll
2025-05-27 01:00:00+00:00,43453133.65
2025-05-27 02:00:00+00:00,42309589.10
2025-05-27 02:00:00+00:00,43517243.48
2025-05-27 02:00:00+00:00,42449043.47
2025-05-27 02:00:00+00:00,36442116.17
2025-05-27 02:00:00+00:00,44266407.59
2025-05-27 02:00:00+00:00,36689156.78
2025-05-27 02:00:00+00:00,37238052.50
2025-05-27 18:30:00+00:00,46313728.94
2025-05-27 18:30:00+00:00,38386030.29
2025-05-28 18:30:00+00:00,39997471.83
2025-05-29 03:00:00+00:00,40999713.67
2025-05-29 03:00:00+00:00,47640705.18
2025-05-29 07:30:00+00:00,48818981.70
2025-05-29 07:30:00+00:00,42676069.94
2025-05-29 07:30:00+00:00,50876667.78
2025-05-29 08:00:00+00:00,41167269.52
2025-05-29 08:30:00+00:00,39108906.04
2025-05-29 08:30:00+00:00,48332834.39
2025-05-29 09:20:00+00:00,48875453.98
2025-05-29 10:30:00+00:00,37939870.54
2025-05-31 01:00:00+00:00,39377972.88
2025-05-31 01:00:00+00:00,50243523.36
2025-05-31 13:00:00+00:00,40981869.97
2025-05-31 13:00:00+00:00,41872848.73
2025-05-31 17:40:00+00:00,47731347.19
2025-05-31 17:40:00+00:00,39779206.30
2025-05-31 18:00:00+00:00,41045291.66
2025-05-31 18:00:00+00:00,49938922.00
2025-06-01 03:00:00+00:00,42211602.19
2025-06-01 04:30:00+00:00,51024153.97
2025-06-01 04:30:00+00:00,43041575.23
2025-06-01 07:30:00+00:00,44888031.70
2025-06-01 07:30:00+00:00,52510080.44
2025-06-01 08:00:00+00:00,42643630.11
2025-06-01 08:00:00+00:00,49884576.42
2025-06-01 08:30:00+00:00,42349640.33
2025-06-01 14:00:00+00:00,50968627.40
2025-06-01 14:00:00+00:00,43182327.51
2025-06-01 18:00:00+00:00,42140661.12
2025-06-01 22:00:00+00:00,49719201.71
2025-06-01 22:00:00+00:00,40459865.72
2025-06-01 23:00:00+00:00,47886698.48
2025-06-01 23:00:00+00:00,38489435.47
2025-06-02 00:00:00+00:00,39817345.35
2025-06-02 00:00:00+00:00,49614357.93
2025-06-02 00:30:00+00:00,51491897.11
2025-06-02 00:30:00+00:00,41327371.89
2025-06-02 05:30:00+00:00,39261003.30
2025-06-02 05:30:00+00:00,49447467.80
2025-06-08 09:30:00+00:00,40439979.50
2025-06-09 07:00:00+00:00,48608274.71
2025-06-09 09:00:00+00:00,52837868.46
2025-06-09 09:00:00+00:00,41971781.79
2025-06-09 09:00:00+00:00,43912976.70
2025-06-09 09:00:00+00:00,50502144.29
2025-06-11 17:30:00+00:00,53821460.00
2025-06-11 18:00:00+00:00,57463464.41
2025-06-11 18:00:00+00:00,54519346.01
2025-06-11 18:00:00+00:00,52109291.29
2025-06-11 18:00:00+00:00,48144771.04
2025-06-11 18:00:00+00:00,45808934.53
2025-06-11 18:00:00+00:00,47487676.62
2025-06-11 18:00:00+00:00,46019980.39
2025-06-11 18:00:00+00:00,56047888.78
2025-06-13 06:30:00+00:00,45826290.94
2025-06-13 06:30:00+00:00,55111284.78
2025-06-13 08:30:00+00:00,47945756.90
2025-06-13 08:30:00+00:00,57660181.70
2025-06-13 18:30:00+00:00,56032968.91
2025-06-13 18:30:00+00:00,46978529.02
2025-06-13 19:35:00+00:00,56860203.56
2025-06-13 20:00:00+00:00,45542600.28
2025-06-14 10:55:00+00:00,57895048.91
2025-06-14 15:30:00+00:00,59406351.76
2025-06-14 15:30:00+00:00,46194694.23
2025-06-14 16:30:00+00:00,58545566.99
2025-06-14 16:30:00+00:00,43943865.27
2025-06-14 17:00:00+00:00,44960067.15
2025-06-14 17:00:00+00:00,56234765.09
2025-06-14 17:00:00+00:00,55618288.64
2025-06-14 17:00:00+00:00,42712063.79
2025-06-14 18:00:00+00:00,43342247.60
2025-06-14 18:00:00+00:00,56956533.56
2025-06-14 18:00:00+00:00,58615222.92
2025-06-14 18:00:00+00:00,60833378.75
2025-06-14 19:00:00+00:00,44164099.78
2025-06-14 19:35:00+00:00,63157407.81
2025-06-14 19:35:00+00:00,46206689.40
2025-06-14 20:00:00+00:00,48343748.78
2025-06-14 20:00:00+00:00,66000960.73
2025-06-15 04:30:00+00:00,49074980.51
2025-06-15 04:30:00+00:00,67249786.62
2025-06-15 08:30:00+00:00,48777463.44
2025-06-15 08:30:00+00:00,63887297.29
2025-06-15 08:30:00+00:00,66842084.79
2025-06-15 08:30:00+00:00,51344698.36
2025-06-15 09:30:00+00:00,63499980.55
2025-06-15 09:30:00+00:00,46338590.27
2025-06-15 09:30:00+00:00,66436854.65
2025-06-15 13:00:00+00:00,48481750.07
2025-06-15 13:00:00+00:00,69509559.18
2025-06-15 17:00:00+00:00,51359418.93
2025-06-15 17:00:00+00:00,49089050.35
2025-06-15 17:00:00+00:00,72724376.29
2025-06-17 18:30:00+00:00,52452860.55
2025-06-17 18:30:00+00:00,76087878.70
2025-06-17 18:30:00+00:00,74796560.35
2025-06-18 18:00:00+00:00,53653617.14
2025-06-18 18:00:00+00:00,76211810.67
2025-06-18 18:30:00+00:00,75480444.25
2025-06-18 18:30:00+00:00,52359356.90
2025-06-18 19:35:00+00:00,51157209.34
2025-06-21 15:00:00+00:00,48599348.87
2025-06-21 15:00:00+00:00,72654408.97
2025-06-21 17:30:00+00:00,46169381.43
2025-06-21 17:30:00+00:00,70634098.33
2025-06-21 18:00:00+00:00,72850230.53
2025-06-21 18:00:00+00:00,74037395.57
2025-06-21 18:00:00+00:00,48626147.29
2025-06-21 18:00:00+00:00,47527083.48
2025-06-21 18:00:00+00:00,71955629.36
2025-06-21 18:00:00+00:00,74228457.13
2025-06-25 18:00:00+00:00,71044774.90
2025-06-25 18:00:00+00:00,46520556.48
2025-06-25 18:30:00+00:00,72509081.92
2025-06-25 19:00:00+00:00,75862626.95
2025-06-25 19:00:00+00:00,48672132.21
2025-06-25 19:35:00+00:00,50494079.15
2025-06-26 07:30:00+00:00,80208787.53
2025-06-26 07:30:00+00:00,79371273.45
2025-06-26 07:30:00+00:00,51142981.51
2025-06-26 07:30:00+00:00,52418935.74
2025-06-26 08:30:00+00:00,79676932.81
2025-06-26 08:30:00+00:00,53993034.02
2025-06-26 08:30:00+00:00,51293382.32
2025-06-26 08:30:00+00:00,77927197.89
2025-06-26 10:05:00+00:00,82218723.52
2025-06-26 10:05:00+00:00,52493845.76
2025-06-26 11:41:00+00:00,50111482.34
2025-06-26 11:41:00+00:00,79089631.18
2025-06-26 19:35:00+00:00,47605908.22
2025-06-26 19:35:00+00:00,75135149.62
2025-06-26 20:00:00+00:00,71645724.03
2025-06-26 20:00:00+00:00,45479699.61
2025-06-27 18:30:00+00:00,46218402.15
2025-06-28 17:00:00+00:00,69095023.61
2025-06-28 17:00:00+00:00,44584363.57
2025-06-28 18:00:00+00:00,45529314.87
2025-06-28 18:00:00+00:00,71711200.96
2025-06-29 07:30:00+00:00,75027844.00
2025-06-29 07:30:00+00:00,73152147.90
2025-06-29 07:30:00+00:00,72257124.78
2025-06-29 07:30:00+00:00,46577434.66
2025-06-29 07:30:00+00:00,47635045.68
2025-06-29 08:30:00+00:00,75599016.80
2025-06-29 08:30:00+00:00,79095471.32
2025-06-29 08:30:00+00:00,48731641.02
2025-06-29 08:30:00+00:00,50730428.25
2025-06-29 17:00:00+00:00,80188016.21
2025-06-29 18:00:00+00:00,53076710.55
2025-06-29 18:00:00+00:00,83501038.59
2025-06-29 18:30:00+00:00,55372873.67
2025-06-29 18:30:00+00:00,86748616.62
2025-06-29 18:30:00+00:00,55372873.67
2025-06-29 18:30:00+00:00,86748616.62
2025-06-29 19:35:00+00:00,83139129.44
2025-06-29 19:35:00+00:00,52604229.98
2025-06-30 09:30:00+00:00,50685578.88
2025-06-30 09:30:00+00:00,79150120.49
2025-06-30 19:00:00+00:00,80980467.02
2025-06-30 19:00:00+00:00,51857682.90
2025-06-30 20:00:00+00:00,84725813.62
2025-06-30 20:00:00+00:00,54256100.73
2025-07-02 18:00:00+00:00,82974348.59
2025-07-02 18:00:00+00:00,52080596.37
2025-07-02 18:00:00+00:00,81548781.06
2025-07-02 18:30:00+00:00,77471342.00
2025-07-02 18:30:00+00:00,49476566.55
2025-07-05 09:30:00+00:00,47002738.22
2025-07-05 09:30:00+00:00,73597774.90
2025-07-05 18:00:00+00:00,77665547.07
2025-07-05 18:00:00+00:00,79006396.77
2025-07-05 18:00:00+00:00,76849590.40
2025-07-05 18:00:00+00:00,75101745.75
2025-07-05 18:00:00+00:00,45827669.77
2025-07-05 18:00:00+00:00,47001855.69
2025-07-05 18:00:00+00:00,50312879.38
2025-07-05 18:00:00+00:00,49175691.51
2025-07-05 18:00:00+00:00,80441758.56
2025-07-06 07:30:00+00:00,80021594.56
2025-07-06 07:30:00+00:00,49223273.87
2025-07-06 07:30:00+00:00,78430714.60
2025-07-06 08:30:00+00:00,77216054.41
2025-07-06 08:30:00+00:00,47414564.19
2025-07-06 09:30:00+00:00,46473843.73
2025-07-06 10:30:00+00:00,77552901.03
2025-07-06 10:30:00+00:00,47567295.74
2025-07-06 10:30:00+00:00,78522318.17
2025-07-07 05:00:00+00:00,80510734.20
2025-07-07 05:00:00+00:00,49767283.17
2025-07-08 23:00:00+00:00,81169085.76
2025-07-09 00:00:00+00:00,48081975.30
2025-07-09 00:00:00+00:00,48962113.10
2025-07-09 00:00:00+00:00,79139858.61
2025-07-09 00:00:00+00:00,49314846.46
2025-07-09 00:00:00+00:00,78038896.18
2025-07-09 02:00:00+00:00,81648195.13
2025-07-09 02:00:00+00:00,50734229.58
2025-07-09 02:00:00+00:00,48491497.81
2025-07-09 03:00:00+00:00,51903338.20
2025-07-09 03:00:00+00:00,83529767.75
2025-07-10 02:45:00+00:00,86692494.59
2025-07-10 02:45:00+00:00,54060063.45
2025-07-10 10:25:00+00:00,90702022.47
2025-07-10 10:25:00+00:00,56560341.39
2025-07-10 23:00:00+00:00,56560341.39
2025-07-10 23:00:00+00:00,90702022.47
2025-07-11 00:00:00+00:00,93794305.98
2025-07-11 00:00:00+00:00,58864090.42
2025-07-11 00:30:00+00:00,96247878.49
2025-07-11 00:30:00+00:00,62680546.90
2025-07-11 00:30:00+00:00,100519496.78
2025-07-11 00:30:00+00:00,60634858.69
2025-07-11 01:00:00+00:00,64293363.32
2025-07-11 02:00:00+00:00,97062053.62
2025-07-11 02:00:00+00:00,65567401.69
2025-07-11 02:15:00+00:00,67083647.85
2025-07-11 02:30:00+00:00,63840647.74
2025-07-11 02:30:00+00:00,94095718.06
2025-07-11 02:45:00+00:00,66793277.70
2025-07-11 02:45:00+00:00,69882466.79
2025-07-11 02:45:00+00:00,98447645.02
2025-07-11 02:45:00+00:00,103000848.61
2025-07-11 03:00:00+00:00,70607050.87
2025-07-11 03:00:00+00:00,105605792.82
2025-07-12 18:00:00+00:00,67076698.32
2025-07-12 18:00:00+00:00,100325503.18
2025-07-13 03:30:00+00:00,104965557.70
2025-07-13 03:30:00+00:00,69991500.86
2025-07-13 07:30:00+00:00,106673870.73
2025-07-13 08:00:00+00:00,72663262.68
2025-07-13 08:30:00+00:00,70620598.90
2025-07-13 08:30:00+00:00,103411489.65
2025-07-13 08:58:00+00:00,67089568.96
2025-07-13 08:58:00+00:00,98240915.17
2025-07-13 09:30:00+00:00,65757761.92
2025-07-13 09:30:00+00:00,95804096.06
2025-07-13 09:30:00+00:00,94621322.36
2025-07-13 10:30:00+00:00,98997558.51
2025-07-13 10:30:00+00:00,68799058.41
2025-07-14 07:00:00+00:00,70894322.91
2025-07-14 07:00:00+00:00,101170898.90
2025-07-14 07:30:00+00:00,105850052.98
2025-07-14 07:30:00+00:00,74173185.35
2025-07-16 01:00:00+00:00,110745617.93
2025-07-16 02:00:00+00:00,74971219.09
2025-07-16 02:30:00+00:00,78438637.97
2025-07-16 02:30:00+00:00,115867602.76
2025-07-16 17:30:00+00:00,76730735.67
2025-07-16 17:30:00+00:00,114121601.03
2025-07-16 18:00:00+00:00,74358916.69
2025-07-16 18:00:00+00:00,78812305.98
2025-07-16 18:00:00+00:00,75328368.92
2025-07-16 18:00:00+00:00,120164334.95
2025-07-16 18:00:00+00:00,114919377.94
2025-07-16 18:00:00+00:00,118977721.79
2025-07-16 18:00:00+00:00,113271641.74
2025-07-16 18:00:00+00:00,111368228.44
2025-07-16 18:00:00+00:00,114919377.94
2025-07-16 18:00:00+00:00,72894198.88
2025-07-16 18:00:00+00:00,72894198.88
2025-07-16 18:00:00+00:00,71071843.91
2025-07-16 18:00:00+00:00,118649432.85
2025-07-17 02:45:00+00:00,121245626.88
2025-07-17 02:45:00+00:00,78985294.47
2025-07-17 02:45:00+00:00,80634840.56
2025-07-17 07:30:00+00:00,123425786.71
2025-07-17 07:30:00+00:00,82095111.95
2025-07-17 07:30:00+00:00,79793738.66
2025-07-17 07:30:00+00:00,123700829.11
2025-07-17 07:30:00+00:00,120429748.34
2025-07-17 08:15:00+00:00,120614497.19
2025-07-17 08:15:00+00:00,79417305.43
2025-07-17 08:30:00+00:00,118277456.42
2025-07-17 08:30:00+00:00,123322709.52
2025-07-17 08:30:00+00:00,77658172.08
2025-07-17 08:30:00+00:00,81745444.29
2025-07-17 10:00:00+00:00,79199550.07
2025-07-17 10:00:00+00:00,122085906.47
2025-07-17 10:30:00+00:00,124153066.51
2025-07-17 10:30:00+00:00,126901853.59
2025-07-18 00:00:00+00:00,73410933.23
2025-07-18 00:00:00+00:00,73410933.23
2025-07-18 00:00:00+00:00,78719402.80
2025-07-18 00:00:00+00:00,74855669.47
2025-07-18 00:00:00+00:00,118863901.98
2025-07-18 00:00:00+00:00,120556760.91
2025-07-18 00:00:00+00:00,120556760.91
2025-07-18 00:00:00+00:00,82679380.30
2025-07-18 01:00:00+00:00,76447268.38
2025-07-18 01:00:00+00:00,124361357.44
2025-07-18 01:30:00+00:00,118143289.57
2025-07-18 01:30:00+00:00,72624904.96
2025-07-18 02:00:00+00:00,70270912.74
2025-07-18 02:45:00+00:00,67309021.08
2025-07-18 02:45:00+00:00,112236125.09
2025-07-18 06:30:00+00:00,108702565.33
2025-07-18 19:00:00+00:00,66411939.30
2025-07-18 19:00:00+00:00,108155155.54
2025-07-18 19:35:00+00:00,63091342.34
2025-07-18 19:35:00+00:00,102747397.77
2025-07-18 20:00:00+00:00,107499464.91
2025-07-18 20:00:00+00:00,66009316.92
2025-07-19 01:00:00+00:00,109985390.04
2025-07-19 18:00:00+00:00,111145939.81
2025-07-19 19:35:00+00:00,111813438.75
2025-07-19 19:35:00+00:00,109271836.09
2025-07-19 20:00:00+00:00,108570245.54
2025-07-20 07:30:00+00:00,63250318.69
2025-07-20 07:30:00+00:00,104027880.00
2025-07-20 07:30:00+00:00,105175860.34
2025-07-20 08:15:00+00:00,105175860.34
2025-07-20 08:15:00+00:00,63250318.69
2025-07-20 08:30:00+00:00,106309842.78
2025-07-20 10:30:00+00:00,111226673.01
2025-07-20 10:30:00+00:00,66175645.93
2025-07-20 10:30:00+00:00,108294450.45
2025-07-20 17:00:00+00:00,102879727.92
2025-07-20 17:00:00+00:00,62866863.63
2025-07-20 17:30:00+00:00,103955322.89
2025-07-20 17:30:00+00:00,63682797.95
2025-07-20 18:00:00+00:00,110153144.45
2025-07-20 18:00:00+00:00,63604298.35
2025-07-20 18:00:00+00:00,107663427.68
2025-07-20 18:00:00+00:00,102904112.48
2025-07-20 18:00:00+00:00,98886054.13
2025-07-20 18:00:00+00:00,65068311.78
2025-07-20 18:00:00+00:00,60792638.81
2025-07-20 20:00:00+00:00,112700435.91
2025-07-20 20:00:00+00:00,66452568.01
2025-07-20 22:00:00+00:00,114207964.36
2025-07-21 00:00:00+00:00,115478036.66
2025-07-21 03:00:00+00:00,117727985.09
2025-07-21 03:00:00+00:00,68774175.44
2025-07-21 04:30:00+00:00,114203483.29
2025-07-21 04:30:00+00:00,68090549.79
2025-07-21 04:30:00+00:00,67207424.89
2025-07-21 06:30:00+00:00,68757694.57
2025-07-22 18:30:00+00:00,69799174.71
2025-07-22 18:30:00+00:00,116800838.26
2025-07-23 00:00:00+00:00,119189416.03
2025-07-23 01:00:00+00:00,120380745.56
2025-07-23 01:00:00+00:00,71074052.77
2025-07-23 02:15:00+00:00,122505940.51
2025-07-23 02:15:00+00:00,73275699.02
2025-07-23 02:45:00+00:00,124627288.99
2025-07-23 18:30:00+00:00,131742720.64
2025-07-23 18:30:00+00:00,125978708.53
2025-07-23 18:30:00+00:00,76304124.95
2025-07-23 18:30:00+00:00,69369381.49
2025-07-23 18:30:00+00:00,72758382.57
2025-07-23 18:30:00+00:00,130657886.67
2025-07-23 23:30:00+00:00,78714729.37
2025-07-24 02:00:00+00:00,82355285.60
2025-07-24 02:00:00+00:00,137278896.20
2025-07-24 03:00:00+00:00,86164217.56
2025-07-24 03:00:00+00:00,143628045.15
2025-07-24 06:00:00+00:00,136446642.89
2025-07-24 06:00:00+00:00,81986866.36
2025-07-24 08:30:00+00:00,83631566.45
2025-07-24 22:00:00+00:00,139784358.46
2025-07-24 22:00:00+00:00,86263204.39
2025-07-24 23:30:00+00:00,84956700.57
2025-07-25 00:00:00+00:00,142584793.78
2025-07-25 00:00:00+00:00,146240814.13
2025-07-25 00:00:00+00:00,145449856.98
2025-07-25 00:00:00+00:00,139020173.93
2025-07-25 00:00:00+00:00,88885947.97
2025-07-25 00:00:00+00:00,91695518.59
2025-07-25 00:00:00+00:00,89473369.89
2025-07-25 00:00:00+00:00,90654109.87
2025-07-25 00:00:00+00:00,87306774.91
2025-07-25 01:00:00+00:00,142391192.23
2025-07-25 01:00:00+00:00,93285759.00
2025-07-25 01:00:00+00:00,88621471.05
2025-07-25 01:00:00+00:00,86452018.96
2025-07-25 01:00:00+00:00,138177364.13
2025-07-25 01:30:00+00:00,146442618.07
2025-07-25 01:30:00+00:00,87728242.42
2025-07-25 01:30:00+00:00,85287905.13
2025-07-25 02:00:00+00:00,83419637.42
2025-07-25 02:00:00+00:00,80424215.30
2025-07-25 02:00:00+00:00,76253233.43
2025-07-25 02:00:00+00:00,142781552.62
2025-07-25 02:00:00+00:00,83419637.42
2025-07-25 02:30:00+00:00,149385199.43
2025-07-25 02:30:00+00:00,142781552.62
2025-07-25 02:30:00+00:00,76253233.43
2025-07-25 02:30:00+00:00,79779945.48
2025-07-25 02:45:00+00:00,83469767.96
2025-07-25 02:45:00+00:00,156294264.90
2025-07-25 03:00:00+00:00,153699955.70
2025-07-26 01:00:00+00:00,84727079.49
2025-07-26 02:45:00+00:00,82608902.51
2025-07-26 02:45:00+00:00,149857456.81
2025-07-26 08:40:00+00:00,146738545.03
2025-07-26 08:40:00+00:00,81491703.75
2025-07-26 10:30:00+00:00,148885735.72
2025-07-26 18:00:00+00:00,84808847.77
2025-07-26 18:00:00+00:00,153788759.53
2025-07-26 19:00:00+00:00,159436822.51
2025-07-26 19:35:00+00:00,166810775.55
2025-07-26 19:35:00+00:00,88731256.98
2025-07-27 05:30:00+00:00,174525773.92
2025-07-27 05:30:00+00:00,91728355.04
2025-07-27 05:30:00+00:00,96071977.10
2025-07-27 05:30:00+00:00,180005377.58
2025-07-27 05:30:00+00:00,185057281.48
2025-07-27 05:30:00+00:00,98259774.60
2025-07-27 07:30:00+00:00,183935371.71
2025-07-27 07:30:00+00:00,193616180.75
2025-07-27 07:30:00+00:00,93346785.87
2025-07-27 07:30:00+00:00,97664074.71
2025-07-27 08:30:00+00:00,93551877.89
2025-07-27 08:30:00+00:00,177062153.63
2025-07-27 19:00:00+00:00,185251278.24
2025-07-27 19:00:00+00:00,97878652.25
2025-07-27 19:30:00+00:00,100253813.15
2025-07-27 20:00:00+00:00,99947748.69
2025-07-27 20:00:00+00:00,104503543.77
2025-07-27 20:00:00+00:00,193819149.86
2025-07-27 20:00:00+00:00,184128192.36
2025-07-27 22:00:00+00:00,177290931.23
2025-07-28 00:00:00+00:00,168426384.67
2025-07-28 00:00:00+00:00,94950361.25
2025-07-28 00:30:00+00:00,93504507.63
2025-07-28 00:30:00+00:00,164215725.05
2025-07-28 03:00:00+00:00,97090677.81
2025-07-28 03:00:00+00:00,169913228.28
2025-07-28 05:30:00+00:00,98366801.05
2025-07-28 05:30:00+00:00,171989957.22
2025-07-29 01:00:00+00:00,93819463.02
2025-07-29 01:00:00+00:00,167523841.54
2025-07-29 23:00:00+00:00,98158613.19
2025-07-29 23:00:00+00:00,175271819.22
2025-07-30 02:00:00+00:00,98732382.84
2025-07-30 02:00:00+00:00,176845905.21
2025-07-30 02:30:00+00:00,100425293.16
2025-07-30 02:30:00+00:00,185025028.32
2025-07-30 02:30:00+00:00,103298755.55
2025-07-31 01:00:00+00:00,193582435.88
2025-07-31 01:30:00+00:00,199008583.47
2025-07-31 01:30:00+00:00,105069962.96
2025-07-31 02:00:00+00:00,107499705.86
2025-07-31 02:00:00+00:00,203610656.97
2025-07-31 02:30:00+00:00,108350646.51
2025-07-31 02:45:00+00:00,213027649.85
2025-07-31 02:45:00+00:00,113361863.92
2025-07-31 03:00:00+00:00,116387149.22
2025-07-31 03:00:00+00:00,221069168.24
2025-07-31 06:00:00+00:00,110567791.76
2025-07-31 06:00:00+00:00,210015709.82
2025-07-31 08:30:00+00:00,217268177.80
2025-07-31 08:30:00+00:00,112657463.98
2025-07-31 08:30:00+00:00,116035164.57
2025-08-01 00:00:00+00:00,108293270.35
2025-08-01 00:00:00+00:00,225805421.58
2025-08-01 00:00:00+00:00,218189457.78
2025-08-01 00:00:00+00:00,207279984.89
2025-08-01 00:00:00+00:00,113462909.45
2025-08-01 00:00:00+00:00,112552454.26
2025-08-01 01:00:00+00:00,110851423.56
2025-08-01 01:00:00+00:00,206023349.99
2025-08-01 01:00:00+00:00,196915985.65
2025-08-01 01:00:00+00:00,195722182.49
2025-08-01 01:00:00+00:00,110179386.80
2025-08-01 01:00:00+00:00,115275183.44
2025-08-01 01:00:00+00:00,109511424.27
2025-08-01 01:00:00+00:00,115978301.90
2025-08-01 01:00:00+00:00,204774333.43
2025-08-01 02:00:00+00:00,107866621.71
2025-08-01 02:00:00+00:00,203671638.61
2025-08-01 02:00:00+00:00,210291526.98
2025-08-01 02:00:00+00:00,104689272.90
2025-08-01 02:00:00+00:00,197975172.50
2025-08-01 02:45:00+00:00,234743316.64
2025-08-01 02:45:00+00:00,118075017.67
2025-08-01 02:45:00+00:00,112855452.97
2025-08-01 02:45:00+00:00,220668471.68
2025-08-01 02:45:00+00:00,224825089.92
2025-08-01 03:00:00+00:00,245600195.03
2025-08-01 03:00:00+00:00,123535987.23
2025-08-02 02:30:00+00:00,256959204.05
2025-08-02 02:30:00+00:00,128132932.03
2025-08-02 02:45:00+00:00,121726285.43
2025-08-02 18:00:00+00:00,266798759.02
2025-08-02 18:00:00+00:00,263251475.94
2025-08-02 19:35:00+00:00,275012143.06
2025-08-02 19:35:00+00:00,126893132.82
2025-08-02 19:35:00+00:00,126893132.82
2025-08-02 19:35:00+00:00,275012143.06
2025-08-02 20:00:00+00:00,261261535.91
2025-08-02 20:00:00+00:00,120548476.18
2025-08-02 22:00:00+00:00,115496482.53
2025-08-02 22:00:00+00:00,120838194.85
2025-08-02 22:00:00+00:00,261733316.48
2025-08-02 22:00:00+00:00,250163265.45
2025-08-02 23:00:00+00:00,273838482.37
2025-08-02 23:00:00+00:00,132274208.33
2025-08-02 23:00:00+00:00,126426961.36
2025-08-02 23:00:00+00:00,286503512.18
2025-08-03 00:15:00+00:00,130885744.47
2025-08-03 03:00:00+00:00,127990893.45
2025-08-03 05:30:00+00:00,125529317.79
2025-08-03 05:30:00+00:00,279964779.29
2025-08-03 20:00:00+00:00,119252851.90
2025-08-03 20:00:00+00:00,113290209.31
2025-08-03 20:00:00+00:00,265966540.33
2025-08-03 20:00:00+00:00,252668213.31
2025-08-03 22:00:00+00:00,118529881.49
2025-08-03 22:00:00+00:00,264354118.18
2025-08-03 23:00:00+00:00,112603387.42
2025-08-03 23:00:00+00:00,251136412.27
2025-08-03 23:00:00+00:00,251136412.27
2025-08-03 23:00:00+00:00,112603387.42
2025-08-04 00:30:00+00:00,113986444.84
2025-08-04 00:30:00+00:00,258795015.96
2025-08-04 01:15:00+00:00,270764285.45
2025-08-04 01:15:00+00:00,119258317.91
2025-08-04 03:00:00+00:00,263804256.78
2025-08-04 05:30:00+00:00,124687232.05
2025-08-04 05:30:00+00:00,274501931.27
2025-08-04 07:30:00+00:00,128425609.63
2025-08-04 07:30:00+00:00,280365156.62
2025-08-05 03:00:00+00:00,130067161.54
2025-08-05 03:00:00+00:00,283576230.89
2025-08-06 01:00:00+00:00,128254581.80
2025-08-06 01:00:00+00:00,278380926.03
2025-08-06 02:00:00+00:00,134186356.21
2025-08-06 02:00:00+00:00,291256043.86
2025-08-06 02:00:00+00:00,289269402.35
2025-08-06 02:45:00+00:00,281088839.45
2025-08-06 02:45:00+00:00,130637194.50
2025-08-06 23:00:00+00:00,293401359.46
2025-08-06 23:00:00+00:00,136241447.85
2025-08-07 02:45:00+00:00,134233223.96
2025-08-07 02:45:00+00:00,283728379.22
2025-08-07 03:00:00+00:00,138271270.45
2025-08-07 03:00:00+00:00,292910084.27
2025-08-07 08:30:00+00:00,299319313.51
2025-08-07 08:30:00+00:00,141468793.57
2025-08-08 00:00:00+00:00,319251745.27
2025-08-08 00:00:00+00:00,145831764.11
2025-08-08 00:00:00+00:00,143031292.25
2025-08-08 00:00:00+00:00,136708523.06
2025-08-08 00:00:00+00:00,313772380.09
2025-08-08 00:00:00+00:00,305381281.63
2025-08-08 00:30:00+00:00,143153990.79
2025-08-08 00:30:00+00:00,307033945.27
2025-08-08 01:00:00+00:00,307270702.30
2025-08-08 01:00:00+00:00,140795180.33
2025-08-08 01:00:00+00:00,315590483.06
2025-08-08 01:00:00+00:00,321234265.24
2025-08-08 01:00:00+00:00,145963913.95
2025-08-08 01:30:00+00:00,321481972.28
2025-08-08 01:30:00+00:00,152714744.97
2025-08-08 02:00:00+00:00,148602932.54
2025-08-08 02:30:00+00:00,160422991.45
2025-08-08 02:30:00+00:00,336350513.50
2025-08-08 02:30:00+00:00,351906724.75
2025-08-08 02:30:00+00:00,155475818.17
2025-08-08 02:30:00+00:00,153331413.57
2025-08-08 03:00:00+00:00,167842554.80
2025-08-08 03:00:00+00:00,368182410.77
2025-08-08 07:00:00+00:00,380207267.54
2025-08-08 08:00:00+00:00,171695111.85
2025-08-08 08:00:00+00:00,384537096.37
2025-08-08 19:35:00+00:00,380364290.06
2025-08-09 02:00:00+00:00,163110356.26
2025-08-09 02:00:00+00:00,361346075.56
2025-08-09 02:45:00+00:00,377383130.37
2025-08-09 02:45:00+00:00,168483429.14
2025-08-09 03:15:00+00:00,176269743.96
2025-08-09 03:15:00+00:00,394073358.25
2025-08-09 17:00:00+00:00,374369690.34
2025-08-09 17:00:00+00:00,167456256.76
2025-08-09 18:00:00+00:00,174336844.21
2025-08-09 18:00:00+00:00,391684288.52
2025-08-09 18:30:00+00:00,182399923.26
2025-08-09 18:30:00+00:00,407866991.07
2025-08-09 19:35:00+00:00,387473641.51
2025-08-09 19:35:00+00:00,173279927.10
2025-08-09 20:00:00+00:00,181294123.72
2025-08-09 20:00:00+00:00,405394297.43
2025-08-09 21:00:00+00:00,175337275.66
2025-08-09 21:00:00+00:00,399461359.45
2025-08-09 22:00:00+00:00,408519186.03
2025-08-09 22:00:00+00:00,177715619.88
2025-08-09 22:00:00+00:00,183519890.00
2025-08-09 22:00:00+00:00,180665944.60
2025-08-09 22:00:00+00:00,171632647.37
2025-08-09 22:00:00+00:00,165987690.30
2025-08-09 22:00:00+00:00,173258127.79
2025-08-09 22:00:00+00:00,413888073.39
2025-08-09 22:00:00+00:00,424364163.74
2025-08-09 22:00:00+00:00,405604935.47
2025-08-09 22:00:00+00:00,388093226.73
2025-08-09 23:00:00+00:00,181271316.20
2025-08-09 23:00:00+00:00,452248904.14
2025-08-09 23:00:00+00:00,433030396.79
2025-08-09 23:00:00+00:00,186448519.06
2025-08-10 00:00:00+00:00,183294777.61
2025-08-10 00:15:00+00:00,438527284.04
2025-08-10 00:15:00+00:00,178217657.33
2025-08-10 02:00:00+00:00,170560061.35
2025-08-10 02:30:00+00:00,176647494.50
2025-08-10 02:30:00+00:00,458809170.93
2025-08-10 05:30:00+00:00,470282639.66
2025-08-10 05:30:00+00:00,181663949.46
2025-08-10 05:30:00+00:00,189992370.48
2025-08-10 07:30:00+00:00,192593438.22
2025-08-10 07:30:00+00:00,197643789.64
2025-08-10 07:30:00+00:00,479552445.63
2025-08-10 08:00:00+00:00,193046035.36
2025-08-10 08:30:00+00:00,472391307.55
2025-08-10 08:30:00+00:00,448771742.17
2025-08-10 08:30:00+00:00,183393733.60
2025-08-10 08:45:00+00:00,426333155.06
2025-08-10 08:45:00+00:00,174224046.92
2025-08-10 10:30:00+00:00,441414977.56
2025-08-10 10:30:00+00:00,179978856.23
2025-08-10 18:00:00+00:00,461830420.27
2025-08-10 18:00:00+00:00,190980882.56
2025-08-10 18:00:00+00:00,182538477.96
2025-08-10 18:15:00+00:00,185177877.06
2025-08-10 18:15:00+00:00,444775325.86
2025-08-10 19:00:00+00:00,442021761.26
2025-08-10 19:00:00+00:00,182333624.07
2025-08-10 19:30:00+00:00,186215505.50
2025-08-10 19:30:00+00:00,451908283.67
2025-08-10 21:00:00+00:00,192363992.57
2025-08-10 21:00:00+00:00,466050883.50
2025-08-10 22:00:00+00:00,196340664.74
2025-08-10 22:00:00+00:00,188328700.98
2025-08-10 22:00:00+00:00,444814429.25
2025-08-10 23:00:00+00:00,192567748.29
2025-08-10 23:00:00+00:00,465387096.61
2025-08-11 00:00:00+00:00,473407811.12
2025-08-11 00:00:00+00:00,495302922.38
2025-08-11 00:00:00+00:00,201474006.64
2025-08-11 00:30:00+00:00,191400306.31
2025-08-11 00:30:00+00:00,470537776.27
2025-08-11 01:15:00+00:00,484810816.71
2025-08-11 01:15:00+00:00,197160757.95
2025-08-11 02:30:00+00:00,201131715.02
2025-08-11 02:30:00+00:00,470713968.43
2025-08-11 02:30:00+00:00,193109504.35
2025-08-11 03:00:00+00:00,193109504.35
2025-08-11 03:30:00+00:00,485168616.05
2025-08-11 03:30:00+00:00,460910185.25
2025-08-11 03:30:00+00:00,183454029.13
2025-08-11 06:00:00+00:00,482227281.31
2025-08-11 06:00:00+00:00,191938777.98
2025-08-11 10:00:00+00:00,504530293.07
2025-08-11 10:00:00+00:00,200815946.46
2025-08-11 18:00:00+00:00,521342735.09
2025-08-12 01:45:00+00:00,210103683.98
2025-08-12 01:45:00+00:00,545454836.59
2025-08-12 02:30:00+00:00,210103683.98
2025-08-12 02:30:00+00:00,545454836.59
2025-08-12 03:45:00+00:00,214157922.41
2025-08-12 19:35:00+00:00,526467530.47
2025-08-13 00:00:00+00:00,513305842.21
2025-08-13 00:00:00+00:00,208803974.35
2025-08-13 02:30:00+00:00,561884625.89
2025-08-13 02:30:00+00:00,227431782.75
2025-08-13 02:30:00+00:00,218461158.17
2025-08-13 02:30:00+00:00,537046237.41
2025-08-13 02:45:00+00:00,600316825.76
2025-08-13 02:45:00+00:00,252368507.99
2025-08-13 02:45:00+00:00,256596560.93
2025-08-13 02:45:00+00:00,270101643.09
2025-08-13 02:45:00+00:00,258161666.03
2025-08-13 02:45:00+00:00,250632533.99
2025-08-13 02:45:00+00:00,258083136.49
2025-08-13 02:45:00+00:00,245946275.52
2025-08-13 02:45:00+00:00,569987514.51
2025-08-13 02:45:00+00:00,544714782.71
2025-08-13 02:45:00+00:00,557206134.99
2025-08-13 02:45:00+00:00,586561913.62
2025-08-13 02:45:00+00:00,570017905.31
2025-08-13 02:45:00+00:00,542971451.45
2025-08-13 02:45:00+00:00,571556960.26
2025-08-13 02:45:00+00:00,587004141.76
2025-08-13 02:45:00+00:00,237950502.70
2025-08-13 02:45:00+00:00,248955713.45
2025-08-13 02:45:00+00:00,236507927.77
2025-08-13 02:45:00+00:00,247446419.43
2025-08-13 02:45:00+00:00,258890816.33
2025-08-13 03:00:00+00:00,578674656.53
2025-08-13 03:00:00+00:00,601412853.47
2025-08-13 03:00:00+00:00,268087798.74
2025-08-13 03:00:00+00:00,271182193.59
2025-08-14 02:45:00+00:00,629228197.94
2025-08-14 02:45:00+00:00,283724370.04
2025-08-14 02:45:00+00:00,289673291.88
2025-08-14 02:45:00+00:00,642575884.09
2025-08-14 03:00:00+00:00,302663742.84
2025-08-14 03:00:00+00:00,664211630.57
2025-08-15 00:30:00+00:00,694931418.48
2025-08-15 00:30:00+00:00,316661940.95
2025-08-15 01:00:00+00:00,321689627.29
2025-08-15 01:00:00+00:00,303585161.03
2025-08-15 01:00:00+00:00,722237759.40
2025-08-15 01:00:00+00:00,750877382.13
2025-08-15 01:00:00+00:00,714850343.82
2025-08-15 01:00:00+00:00,315333050.19
2025-08-15 01:30:00+00:00,343506055.96
2025-08-15 01:30:00+00:00,747912172.22
2025-08-15 01:30:00+00:00,328321200.44
2025-08-15 02:00:00+00:00,756654588.02
2025-08-15 02:00:00+00:00,343673461.37
2025-08-15 02:00:00+00:00,776563842.09
2025-08-15 02:00:00+00:00,754740820.93
2025-08-15 02:00:00+00:00,328481205.61
2025-08-15 02:00:00+00:00,776826683.46
2025-08-15 02:45:00+00:00,359568358.96
2025-08-15 02:45:00+00:00,773733337.27
2025-08-15 02:45:00+00:00,804510742.20
2025-08-15 03:00:00+00:00,384501264.53
2025-08-15 03:00:00+00:00,402284448.01
2025-08-15 03:00:00+00:00,880648884.61
2025-08-15 03:00:00+00:00,373948860.82
2025-08-15 03:00:00+00:00,841719364.03
2025-08-15 18:00:00+00:00,411587275.87
2025-08-15 18:00:00+00:00,901013890.07
2025-08-15 20:00:00+00:00,430401226.61
2025-08-15 20:00:00+00:00,942685782.48
2025-08-16 00:00:00+00:00,919891541.85
2025-08-16 00:00:00+00:00,962436525.66
2025-08-16 00:00:00+00:00,450307283.34
2025-08-16 00:30:00+00:00,456388727.28
2025-08-16 01:00:00+00:00,3158.48
2025-08-16 01:00:00+00:00,6559.45
2025-08-16 01:00:00+00:00,6762.29
2025-08-16 01:00:00+00:00,7187.55
2025-08-16 01:00:00+00:00,7108.40
2025-08-16 01:00:00+00:00,4129.64
2025-08-16 01:00:00+00:00,3900.87
2025-08-16 01:00:00+00:00,2896.50
2025-08-16 01:00:00+00:00,5366.94
2025-08-16 01:00:00+00:00,6367.10
2025-08-16 01:00:00+00:00,2430.60
2025-08-16 01:00:00+00:00,7386.77
2025-08-16 01:00:00+00:00,7669.64
2025-08-16 01:00:00+00:00,5515.31
2025-08-16 01:00:00+00:00,6759.94
2025-08-16 01:00:00+00:00,5877.60
2025-08-16 01:00:00+00:00,6231.26
2025-08-16 01:00:00+00:00,4756.72
2025-08-16 01:00:00+00:00,3959.71
2025-08-16 01:00:00+00:00,7069.75
2025-08-16 01:00:00+00:00,6594.25
2025-08-16 01:00:00+00:00,9032.68
2025-08-16 01:00:00+00:00,5065.23
2025-08-16 01:00:00+00:00,9089.23
2025-08-16 01:00:00+00:00,6057.82
2025-08-16 01:00:00+00:00,4703.90
2025-08-16 01:00:00+00:00,4924.94
2025-08-16 01:00:00+00:00,4849.37
2025-08-16 01:00:00+00:00,8909.56
2025-08-16 01:00:00+00:00,6917.36
2025-08-16 01:00:00+00:00,6873.38
2025-08-16 01:00:00+00:00,5255.46
2025-08-16 01:00:00+00:00,5540.05
2025-08-16 01:00:00+00:00,3989.29
2025-08-16 01:00:00+00:00,3604.77
2025-08-16 01:00:00+00:00,5502.83
2025-08-16 01:00:00+00:00,2682.63
2025-08-16 01:00:00+00:00,3644.62
2025-08-16 01:00:00+00:00,8128.38
2025-08-16 01:00:00+00:00,6967.16
2025-08-16 01:00:00+00:00,3920.12
2025-08-16 01:00:00+00:00,1006949214.97
2025-08-16 01:00:00+00:00,6560.29
2025-08-16 01:00:00+00:00,7833.69
2025-08-16 01:00:00+00:00,477496705.92
2025-08-16 01:00:00+00:00,7246.93
2025-08-16 01:00:00+00:00,7161.18
2025-08-16 01:00:00+00:00,4479.60
2025-08-16 01:00:00+00:00,5575.15
2025-08-16 01:00:00+00:00,3704.28
2025-08-16 01:00:00+00:00,3151.95
2025-08-16 01:00:00+00:00,4816.23
2025-08-16 01:00:00+00:00,5793.76
2025-08-16 01:00:00+00:00,3270.37
2025-08-16 01:00:00+00:00,4921.76
2025-08-16 01:00:00+00:00,6652.58
2025-08-16 01:00:00+00:00,5726.32
2025-08-16 01:00:00+00:00,3495.71
2025-08-16 01:00:00+00:00,4471.23
2025-08-16 01:00:00+00:00,2161.81
2025-08-16 01:00:00+00:00,4011.31
2025-08-16 01:00:00+00:00,4518.15
2025-08-16 01:00:00+00:00,5832.03
2025-08-16 01:00:00+00:00,6559.17
2025-08-16 01:00:00+00:00,3586.97
2025-08-16 01:00:00+00:00,4144.02
2025-08-16 01:00:00+00:00,8280.36
2025-08-16 02:45:00+00:00,453621870.62
2025-08-16 02:45:00+00:00,956601754.22
2025-08-16 03:00:00+00:00,6232.28
2025-08-16 03:00:00+00:00,6396.28
2025-08-16 03:00:00+00:00,3784.08
2025-08-16 03:00:00+00:00,5440.00
2025-08-16 03:00:00+00:00,3990.52
2025-08-16 03:00:00+00:00,3809.45
2025-08-16 03:00:00+00:00,2751.68
2025-08-16 03:00:00+00:00,5296.40
2025-08-16 03:00:00+00:00,6803.12
2025-08-16 03:00:00+00:00,5144.81
2025-08-16 03:00:00+00:00,6105.60
2025-08-16 03:00:00+00:00,2313.67
2025-08-16 03:00:00+00:00,3519.07
2025-08-16 03:00:00+00:00,6884.59
2025-08-16 03:00:00+00:00,7017.43
2025-08-16 03:00:00+00:00,5239.54
2025-08-16 03:00:00+00:00,6421.95
2025-08-16 03:00:00+00:00,4356.77
2025-08-16 03:00:00+00:00,5583.72
2025-08-16 03:00:00+00:00,6068.01
2025-08-16 03:00:00+00:00,4520.12
2025-08-16 03:00:00+00:00,7721.96
2025-08-16 03:00:00+00:00,3841.30
2025-08-16 03:00:00+00:00,6716.27
2025-08-16 03:00:00+00:00,6323.55
2025-08-16 03:00:00+00:00,8871.23
2025-08-16 03:00:00+00:00,6458.25
2025-08-16 03:00:00+00:00,4882.63
2025-08-16 03:00:00+00:00,8880.02
2025-08-16 03:00:00+00:00,5754.93
2025-08-16 03:00:00+00:00,2056.44
2025-08-16 03:00:00+00:00,4530.73
2025-08-16 03:00:00+00:00,3053.48
2025-08-16 03:00:00+00:00,4694.96
2025-08-16 03:00:00+00:00,4695.35
2025-08-16 03:00:00+00:00,8506.39
2025-08-16 03:00:00+00:00,3320.92
2025-08-16 03:00:00+00:00,6626.18
2025-08-16 03:00:00+00:00,6629.63
2025-08-16 03:00:00+00:00,3429.27
2025-08-16 03:00:00+00:00,7707.75
2025-08-16 03:00:00+00:00,5227.69
2025-08-16 03:00:00+00:00,4586.20
2025-08-16 03:00:00+00:00,2584.69
2025-08-16 03:00:00+00:00,5504.07
2025-08-16 03:00:00+00:00,4675.67
2025-08-16 03:00:00+00:00,3106.85
2025-08-16 03:00:00+00:00,6618.80
2025-08-16 03:30:00+00:00,4966.30
2025-08-16 03:30:00+00:00,6529.75
2025-08-16 03:30:00+00:00,6772.60
2025-08-16 03:30:00+00:00,6421.74
2025-08-16 03:30:00+00:00,5626.98
2025-08-16 03:30:00+00:00,4416.50
2025-08-16 03:30:00+00:00,3909.26
2025-08-16 03:30:00+00:00,985774081.98
2025-08-16 03:30:00+00:00,5219.42
2025-08-16 03:30:00+00:00,3711.63
2025-08-16 03:30:00+00:00,6253.35
2025-08-16 03:30:00+00:00,6475.97
2025-08-16 03:30:00+00:00,4559.15
2025-08-16 03:30:00+00:00,6115.77
2025-08-16 03:30:00+00:00,3000.56
2025-08-16 03:30:00+00:00,2455.45
2025-08-16 03:30:00+00:00,3257.81
2025-08-16 03:30:00+00:00,5263.05
2025-08-16 03:30:00+00:00,4998.76
2025-08-16 03:30:00+00:00,6298.15
2025-08-16 03:30:00+00:00,6346.15
2025-08-16 03:30:00+00:00,8081.07
2025-08-16 03:30:00+00:00,4060.05
2025-08-16 03:30:00+00:00,4460.59
2025-08-16 03:30:00+00:00,2989.03
2025-08-16 03:30:00+00:00,4530.56
2025-08-16 03:30:00+00:00,3472.80
2025-08-16 03:30:00+00:00,4304.20
2025-08-16 03:30:00+00:00,5467.19
2025-08-16 03:30:00+00:00,8479.94
2025-08-16 03:30:00+00:00,4638.50
2025-08-16 03:30:00+00:00,8427.67
2025-08-16 03:30:00+00:00,6007.37
2025-08-16 03:30:00+00:00,6467.53
2025-08-16 03:30:00+00:00,3694.46
2025-08-16 03:30:00+00:00,4328.03
2025-08-16 03:30:00+00:00,5764.61
2025-08-16 03:30:00+00:00,5368.26
2025-08-16 03:30:00+00:00,6100.85
2025-08-16 03:30:00+00:00,4977.57
2025-08-16 03:30:00+00:00,7484.08
2025-08-16 03:30:00+00:00,6847.66
2025-08-16 03:30:00+00:00,2197.98
2025-08-16 03:30:00+00:00,5800.32
2025-08-16 03:30:00+00:00,4973.99
2025-08-16 03:30:00+00:00,2614.09
2025-08-16 03:30:00+00:00,3618.98
2025-08-16 03:30:00+00:00,3791.00
2025-08-16 03:30:00+00:00,6752.98
2025-08-16 03:30:00+00:00,6828.18
2025-08-16 03:30:00+00:00,6135.34
2025-08-16 03:30:00+00:00,6231.48
2025-08-16 03:30:00+00:00,7335.86
2025-08-16 03:30:00+00:00,3555.48
2025-08-16 03:30:00+00:00,7901.90
2025-08-16 17:00:00+00:00,1031366133.27
2025-08-16 17:00:00+00:00,474601882.14
2025-08-16 18:00:00+00:00,1002455651.35
2025-08-16 18:00:00+00:00,970115552.73
2025-08-16 18:00:00+00:00,943090355.08
2025-08-16 18:00:00+00:00,454244064.26
2025-08-16 18:00:00+00:00,475252852.23
2025-08-16 18:00:00+00:00,1055216475.10
2025-08-16 18:00:00+00:00,986708284.01
2025-08-16 19:00:00+00:00,998418749.40
2025-08-16 19:00:00+00:00,970802957.50
2025-08-16 19:30:00+00:00,4563.74
2025-08-16 19:30:00+00:00,5631.35
2025-08-16 19:30:00+00:00,5384.76
2025-08-16 19:30:00+00:00,993252775.89
2025-08-16 19:30:00+00:00,6257.20
2025-08-16 19:30:00+00:00,3178.70
2025-08-16 19:30:00+00:00,4635.33
2025-08-16 19:30:00+00:00,3637.70
2025-08-16 19:30:00+00:00,4574.63
2025-08-16 19:30:00+00:00,2512.23
2025-08-16 19:30:00+00:00,5418.87
2025-08-16 19:30:00+00:00,5114.35
2025-08-16 19:30:00+00:00,4403.73
2025-08-16 19:30:00+00:00,6929.22
2025-08-16 19:30:00+00:00,3058.15
2025-08-16 19:30:00+00:00,5081.15
2025-08-16 19:30:00+00:00,2104.00
2025-08-16 19:30:00+00:00,6443.80
2025-08-16 19:30:00+00:00,3999.66
2025-08-16 19:30:00+00:00,6492.91
2025-08-16 19:30:00+00:00,4457.52
2025-08-16 19:30:00+00:00,6397.96
2025-08-16 19:30:00+00:00,3069.95
2025-08-16 19:30:00+00:00,3797.46
2025-08-16 19:30:00+00:00,6680.75
2025-08-16 19:30:00+00:00,4692.25
2025-08-16 19:30:00+00:00,5340.12
2025-08-16 19:30:00+00:00,7885.99
2025-08-16 19:30:00+00:00,6625.72
2025-08-16 19:30:00+00:00,8267.95
2025-08-16 19:30:00+00:00,3397.72
2025-08-16 19:30:00+00:00,4081.54
2025-08-16 19:30:00+00:00,3728.90
2025-08-16 19:30:00+00:00,4664.58
2025-08-16 19:30:00+00:00,3333.14
2025-08-16 19:30:00+00:00,486243074.44
2025-08-16 19:35:00+00:00,505634144.81
2025-08-16 19:35:00+00:00,1022187222.93
2025-08-16 21:30:00+00:00,523312597.67
2025-08-16 22:00:00+00:00,3685.32
2025-08-16 22:00:00+00:00,4195.67
2025-08-16 22:00:00+00:00,4151.45
2025-08-16 22:00:00+00:00,6442.49
2025-08-16 22:00:00+00:00,5349.78
2025-08-16 22:00:00+00:00,4305.53
2025-08-16 22:00:00+00:00,4532.13
2025-08-16 22:00:00+00:00,6067.43
2025-08-16 22:00:00+00:00,2386.62
2025-08-16 22:00:00+00:00,7344.63
2025-08-16 22:00:00+00:00,2964.51
2025-08-16 22:00:00+00:00,3120.54
2025-08-16 22:00:00+00:00,5764.06
2025-08-16 22:00:00+00:00,4585.74
2025-08-16 22:00:00+00:00,4827.09
2025-08-16 22:00:00+00:00,3166.49
2025-08-16 22:00:00+00:00,6687.38
2025-08-16 22:00:00+00:00,3997.02
2025-08-16 22:00:00+00:00,7626.95
2025-08-16 22:00:00+00:00,5039.87
2025-08-16 22:00:00+00:00,5115.52
2025-08-16 22:00:00+00:00,7875.98
2025-08-16 22:00:00+00:00,4684.44
2025-08-16 22:00:00+00:00,4858.64
2025-08-16 22:00:00+00:00,6353.01
2025-08-16 22:00:00+00:00,7482.18
2025-08-16 22:00:00+00:00,6121.61
2025-08-16 22:00:00+00:00,5073.11
2025-08-16 22:00:00+00:00,6067.87
2025-08-16 22:00:00+00:00,6231.78
2025-08-16 22:00:00+00:00,6556.43
2025-08-16 22:00:00+00:00,3857.05
2025-08-16 22:00:00+00:00,7748.82
2025-08-16 22:00:00+00:00,8162.22
2025-08-16 22:00:00+00:00,8023.35
2025-08-16 22:00:00+00:00,6346.71
2025-08-16 22:00:00+00:00,4258.98
2025-08-16 22:00:00+00:00,4335.55
2025-08-16 22:00:00+00:00,3455.82
2025-08-16 22:00:00+00:00,3227.83
2025-08-16 22:00:00+00:00,6640.25
2025-08-16 22:00:00+00:00,3299.16
2025-08-16 22:00:00+00:00,4403.56
2025-08-16 22:00:00+00:00,4391.36
2025-08-16 22:00:00+00:00,4183.54
2025-08-16 22:00:00+00:00,4258.25
2025-08-16 22:00:00+00:00,4171.79
2025-08-16 22:00:00+00:00,6308.24
2025-08-16 22:00:00+00:00,4045.34
2025-08-16 22:00:00+00:00,1998.80
2025-08-16 22:00:00+00:00,5147.93
2025-08-16 22:00:00+00:00,7506.80
2025-08-16 22:00:00+00:00,3879.29
2025-08-16 22:00:00+00:00,6125.47
2025-08-16 22:00:00+00:00,3512.27
2025-08-16 22:00:00+00:00,3697.13
2025-08-16 22:00:00+00:00,5178.10
2025-08-16 22:00:00+00:00,523312597.67
2025-08-16 22:00:00+00:00,973848275.86
2025-08-16 22:00:00+00:00,4292.37
2025-08-16 22:00:00+00:00,4518.28
2025-08-16 22:00:00+00:00,941279137.80
2025-08-16 22:00:00+00:00,6182.00
2025-08-16 22:00:00+00:00,6507.37
2025-08-16 22:00:00+00:00,3542.45
2025-08-16 22:00:00+00:00,500065431.33
2025-08-16 22:00:00+00:00,941279137.80
2025-08-16 22:00:00+00:00,6100.65
2025-08-16 22:00:00+00:00,908905680.38
2025-08-16 22:00:00+00:00,3135.22
2025-08-16 22:00:00+00:00,2849.13
2025-08-16 22:00:00+00:00,2916.45
2025-08-16 22:00:00+00:00,3300.23
2025-08-16 22:00:00+00:00,886066536.83
2025-08-16 22:00:00+00:00,5177.33
2025-08-16 22:00:00+00:00,5449.82
2025-08-16 22:00:00+00:00,5345.63
2025-08-16 22:00:00+00:00,5819.20
2025-08-16 23:00:00+00:00,477173338.39
2025-08-16 23:00:00+00:00,828512482.55
2025-08-16 23:00:00+00:00,872118402.68
2025-08-17 00:00:00+00:00,453314671.47
2025-08-17 00:30:00+00:00,4223.62
2025-08-17 00:30:00+00:00,6244.09
2025-08-17 00:30:00+00:00,5192.35
2025-08-17 00:30:00+00:00,3916.79
2025-08-17 00:30:00+00:00,4220.37
2025-08-17 00:30:00+00:00,3026.22
2025-08-17 00:30:00+00:00,4098.86
2025-08-17 00:30:00+00:00,6288.93
2025-08-17 00:30:00+00:00,5972.88
2025-08-17 00:30:00+00:00,3755.63
2025-08-17 00:30:00+00:00,6434.73
2025-08-17 00:30:00+00:00,2044.75
2025-08-17 00:30:00+00:00,3186.81
2025-08-17 00:30:00+00:00,4136.10
2025-08-17 00:45:00+00:00,828512482.55
2025-08-17 00:45:00+00:00,453314671.47
2025-08-17 01:00:00+00:00,453314671.47
2025-08-17 01:00:00+00:00,787086858.42
2025-08-17 01:00:00+00:00,787086858.42
2025-08-17 01:30:00+00:00,3674.72
2025-08-17 01:30:00+00:00,6579.79
2025-08-17 01:30:00+00:00,2978.37
2025-08-17 01:30:00+00:00,3706.29
2025-08-17 01:30:00+00:00,2497.00
2025-08-17 01:30:00+00:00,4797.83
2025-08-17 01:30:00+00:00,3312.94
2025-08-17 01:30:00+00:00,4181.88
2025-08-17 01:30:00+00:00,5272.96
2025-08-17 01:30:00+00:00,4901.09
2025-08-17 01:30:00+00:00,6404.73
2025-08-17 01:30:00+00:00,6348.51
2025-08-17 01:30:00+00:00,8107.21
2025-08-17 01:30:00+00:00,4455.96
2025-08-17 01:30:00+00:00,4607.23
2025-08-17 01:30:00+00:00,4418.96
2025-08-17 01:30:00+00:00,466287612.11
2025-08-17 01:30:00+00:00,6567.86
2025-08-17 01:30:00+00:00,6643.82
2025-08-17 01:30:00+00:00,4327.39
2025-08-17 01:30:00+00:00,5386.02
2025-08-17 01:30:00+00:00,3615.65
2025-08-17 01:30:00+00:00,3166.18
2025-08-17 01:30:00+00:00,4268.08
2025-08-17 01:30:00+00:00,7680.29
2025-08-17 01:30:00+00:00,5400.91
2025-08-17 01:30:00+00:00,3318.32
2025-08-17 01:30:00+00:00,4440.20
2025-08-17 01:30:00+00:00,6201.60
2025-08-17 01:30:00+00:00,5432.50
2025-08-17 01:30:00+00:00,3377.12
2025-08-17 01:30:00+00:00,4364.73
2025-08-17 01:30:00+00:00,2136.14
2025-08-17 01:30:00+00:00,3872.45
2025-08-17 01:30:00+00:00,4415.56
2025-08-17 01:30:00+00:00,5417.58
2025-08-17 01:30:00+00:00,6532.88
2025-08-17 01:30:00+00:00,3442.83
2025-08-17 01:30:00+00:00,4097.94
2025-08-17 01:30:00+00:00,7828.23
2025-08-17 01:30:00+00:00,6030.65
2025-08-17 02:30:00+00:00,487275264.61
2025-08-17 02:30:00+00:00,823489625.62
2025-08-17 02:45:00+00:00,901149291.06
2025-08-17 02:45:00+00:00,509811745.60
2025-08-17 02:45:00+00:00,861576020.81
2025-08-17 02:45:00+00:00,533390538.83
2025-08-17 03:00:00+00:00,512116065.68
2025-08-17 03:00:00+00:00,874946565.40
2025-08-17 03:05:00+00:00,886278456.73
2025-08-17 03:05:00+00:00,521769886.12
2025-08-17 03:30:00+00:00,6720.52
2025-08-17 03:30:00+00:00,3483.06
2025-08-17 03:30:00+00:00,4382.33
2025-08-17 03:30:00+00:00,4329.22
2025-08-17 03:30:00+00:00,6287.31
2025-08-17 03:30:00+00:00,3726.29
2025-08-17 03:30:00+00:00,5488.29
2025-08-17 03:30:00+00:00,6327.79
2025-08-17 03:30:00+00:00,3967.22
2025-08-17 03:30:00+00:00,4058.97
2025-08-17 03:30:00+00:00,919836034.39
2025-08-17 03:30:00+00:00,7348.41
2025-08-17 03:30:00+00:00,7518.34
2025-08-17 03:30:00+00:00,4439.13
2025-08-17 03:30:00+00:00,6190.45
2025-08-17 03:30:00+00:00,3344.82
2025-08-17 03:30:00+00:00,5483.10
2025-08-17 03:30:00+00:00,4385.97
2025-08-17 03:30:00+00:00,6768.50
2025-08-17 03:30:00+00:00,2174.53
2025-08-17 03:30:00+00:00,6670.70
2025-08-17 03:30:00+00:00,4606.35
2025-08-17 03:30:00+00:00,4508.43
2025-08-17 03:30:00+00:00,6178.40
2025-08-17 03:30:00+00:00,5516.78
2025-08-17 03:30:00+00:00,7946.17
2025-08-17 07:30:00+00:00,989304682.13
2025-08-17 07:30:00+00:00,531237563.74
2025-08-17 07:30:00+00:00,937783142.90
2025-08-17 07:30:00+00:00,545901743.35
2025-08-17 07:30:00+00:00,555603741.06
2025-08-17 07:30:00+00:00,966279592.02
2025-08-17 07:30:00+00:00,962378450.98
2025-08-17 08:30:00+00:00,921283242.45
2025-08-17 08:30:00+00:00,504675685.56
2025-08-17 08:30:00+00:00,875219080.32
2025-08-17 09:30:00+00:00,487475706.31
2025-08-17 09:30:00+00:00,833257028.34
2025-08-17 10:02:00+00:00,833257028.34
2025-08-17 18:00:00+00:00,800514256.59
2025-08-17 18:00:00+00:00,463101921.00
2025-08-17 18:15:00+00:00,439946824.95
2025-08-17 18:30:00+00:00,453583168.90
2025-08-17 18:30:00+00:00,833530036.39
2025-08-17 19:00:00+00:00,447353701.87
2025-08-17 19:00:00+00:00,858525542.84
2025-08-17 19:00:00+00:00,823210342.67
2025-08-17 19:30:00+00:00,468043810.58
2025-08-17 19:30:00+00:00,861283821.02
2025-08-17 20:00:00+00:00,449909582.12
2025-08-17 20:00:00+00:00,837219544.95
2025-08-17 20:30:00+00:00,438174370.38
2025-08-17 21:00:00+00:00,2260.52
2025-08-17 21:00:00+00:00,6781.15
2025-08-17 21:00:00+00:00,4523.43
2025-08-17 21:00:00+00:00,4684.52
2025-08-17 21:00:00+00:00,6979.22
2025-08-17 21:00:00+00:00,7081.54
2025-08-17 21:00:00+00:00,4482.84
2025-08-17 21:00:00+00:00,4620.18
2025-08-17 21:00:00+00:00,8551.84
2025-08-17 21:00:00+00:00,5736.69
2025-08-17 21:00:00+00:00,8173.80
2025-08-17 21:00:00+00:00,3736.31
2025-08-17 21:00:00+00:00,3859.33
2025-08-17 21:00:00+00:00,4224.23
2025-08-17 21:00:00+00:00,3561.56
2025-08-17 21:00:00+00:00,4948.81
2025-08-17 21:00:00+00:00,5057.93
2025-08-17 21:00:00+00:00,3277.83
2025-08-17 21:00:00+00:00,3429.43
2025-08-17 21:00:00+00:00,6638.71
2025-08-17 21:00:00+00:00,2556.35
2025-08-17 21:00:00+00:00,2674.58
2025-08-17 21:00:00+00:00,4474.31
2025-08-17 21:00:00+00:00,4621.26
2025-08-17 21:00:00+00:00,3808.24
2025-08-17 21:00:00+00:00,3960.08
2025-08-17 21:00:00+00:00,5575.77
2025-08-17 21:00:00+00:00,5833.65
2025-08-17 21:00:00+00:00,4529.06
2025-08-17 21:00:00+00:00,3076.05
2025-08-17 21:00:00+00:00,3423.99
2025-08-17 21:00:00+00:00,3488.86
2025-08-17 21:00:00+00:00,861601070.01
2025-08-17 21:00:00+00:00,6954.31
2025-08-17 21:00:00+00:00,7275.95
2025-08-17 21:00:00+00:00,4328.88
2025-08-17 21:00:00+00:00,4585.11
2025-08-17 21:00:00+00:00,4797.17
2025-08-17 21:00:00+00:00,4198.42
2025-08-17 21:00:00+00:00,3821.33
2025-08-17 21:00:00+00:00,3948.21
2025-08-17 21:00:00+00:00,6540.60
2025-08-17 21:00:00+00:00,5771.94
2025-08-17 21:00:00+00:00,6486.06
2025-08-17 21:00:00+00:00,3497.11
2025-08-17 21:00:00+00:00,452647745.28
2025-08-17 21:30:00+00:00,861601070.01
2025-08-17 21:30:00+00:00,452647745.28
2025-08-17 22:00:00+00:00,852626272.71
2025-08-17 23:00:00+00:00,7353.23
2025-08-17 23:00:00+00:00,894380943.44
2025-08-17 23:00:00+00:00,2877.96
2025-08-17 23:00:00+00:00,928437166.06
2025-08-17 23:00:00+00:00,3634.34
2025-08-17 23:00:00+00:00,7354.41
2025-08-17 23:00:00+00:00,892842302.48
2025-08-17 23:00:00+00:00,4834.99
2025-08-17 23:00:00+00:00,4823.65
2025-08-17 23:00:00+00:00,6842.09
2025-08-17 23:00:00+00:00,2763.95
2025-08-17 23:00:00+00:00,6805.03
2025-08-17 23:00:00+00:00,4064.70
2025-08-17 23:00:00+00:00,2299.43
2025-08-17 23:00:00+00:00,5459.94
2025-08-17 23:00:00+00:00,4901.18
2025-08-17 23:00:00+00:00,485011918.83
2025-08-17 23:00:00+00:00,870407298.72
2025-08-17 23:00:00+00:00,4122.51
2025-08-17 23:00:00+00:00,4624.35
2025-08-17 23:00:00+00:00,4529.09
2025-08-17 23:00:00+00:00,5774.61
2025-08-17 23:00:00+00:00,4419.60
2025-08-17 23:00:00+00:00,5955.22
2025-08-17 23:00:00+00:00,3480.46
2025-08-17 23:00:00+00:00,5291.86
2025-08-17 23:00:00+00:00,6830.06
2025-08-17 23:00:00+00:00,5853.70
2025-08-17 23:00:00+00:00,4037.83
2025-08-17 23:00:00+00:00,3596.45
2025-08-17 23:00:00+00:00,473582703.50
2025-08-17 23:00:00+00:00,4961.50
2025-08-17 23:00:00+00:00,3216.43
2025-08-17 23:15:00+00:00,877298203.41
2025-08-17 23:15:00+00:00,841950823.04
2025-08-17 23:15:00+00:00,475974798.42
2025-08-17 23:15:00+00:00,453011379.04
2025-08-17 23:15:00+00:00,460761322.89
2025-08-17 23:15:00+00:00,848200187.35
2025-08-17 23:30:00+00:00,6163.28
2025-08-17 23:30:00+00:00,8781.09
2025-08-17 23:30:00+00:00,3646.70
2025-08-17 23:30:00+00:00,5105.06
2025-08-17 23:30:00+00:00,3712.19
2025-08-17 23:30:00+00:00,4845.36
2025-08-17 23:30:00+00:00,2249.18
2025-08-17 23:30:00+00:00,4452.79
2025-08-17 23:30:00+00:00,818502540.12
2025-08-17 23:30:00+00:00,441738730.39
2025-08-18 00:00:00+00:00,486312381.68
2025-08-18 00:00:00+00:00,450419288.56
2025-08-18 00:00:00+00:00,856358282.60
2025-08-18 00:00:00+00:00,895964853.17
2025-08-18 00:00:00+00:00,471251180.65
2025-08-18 00:30:00+00:00,508365881.17
2025-08-18 00:30:00+00:00,924809843.16
2025-08-18 01:00:00+00:00,897837877.28
2025-08-18 01:00:00+00:00,496842596.66
2025-08-18 01:00:00+00:00,884448398.75
2025-08-18 01:00:00+00:00,481501967.05
2025-08-18 01:30:00+00:00,6842.09
2025-08-18 01:30:00+00:00,7353.23
2025-08-18 01:30:00+00:00,7518.34
2025-08-18 01:30:00+00:00,5105.06
2025-08-18 01:30:00+00:00,884448398.75
2025-08-18 01:30:00+00:00,8781.09
2025-08-18 01:30:00+00:00,4452.79
2025-08-18 01:30:00+00:00,3216.43
2025-08-18 01:30:00+00:00,4419.60
2025-08-18 01:30:00+00:00,3646.70
2025-08-18 01:30:00+00:00,6163.28
2025-08-18 01:30:00+00:00,4122.51
2025-08-18 01:30:00+00:00,5774.61
2025-08-18 01:30:00+00:00,4624.35
2025-08-18 01:30:00+00:00,4037.83
2025-08-18 01:30:00+00:00,2877.96
2025-08-18 01:30:00+00:00,6781.15
2025-08-18 01:30:00+00:00,4845.36
2025-08-18 01:30:00+00:00,4823.65
2025-08-18 01:30:00+00:00,5853.70
2025-08-18 01:30:00+00:00,6830.06
2025-08-18 01:30:00+00:00,4064.70
2025-08-18 01:30:00+00:00,7354.41
2025-08-18 01:30:00+00:00,2249.18
2025-08-18 01:30:00+00:00,3712.19
2025-08-18 01:30:00+00:00,481501967.05
2025-08-18 01:30:00+00:00,4834.99
2025-08-18 01:30:00+00:00,6805.03
2025-08-18 01:30:00+00:00,5488.29
2025-08-18 01:30:00+00:00,5459.94
2025-08-18 01:30:00+00:00,3561.56
2025-08-18 01:30:00+00:00,3480.46
2025-08-18 02:30:00+00:00,925072226.09
2025-08-18 02:30:00+00:00,498614482.45
2025-08-18 02:45:00+00:00,479189302.85
2025-08-18 02:45:00+00:00,887919034.21
2025-08-18 03:00:00+00:00,501351808.10
2025-08-18 03:00:00+00:00,928985289.54
2025-08-18 03:30:00+00:00,954636972.72
2025-08-18 03:30:00+00:00,5712.46
2025-08-18 03:30:00+00:00,6914.84
2025-08-18 03:30:00+00:00,6948.59
2025-08-18 03:30:00+00:00,3011.06
2025-08-18 03:30:00+00:00,3338.99
2025-08-18 03:30:00+00:00,3683.00
2025-08-18 03:30:00+00:00,4268.84
2025-08-18 05:00:00+00:00,931464108.49
2025-08-18 05:30:00+00:00,511065435.45
2025-08-18 05:30:00+00:00,963144919.60
2025-08-19 03:00:00+00:00,5707.36
2025-08-19 03:00:00+00:00,3590.93
2025-08-19 03:00:00+00:00,3403.02
2025-08-19 03:00:00+00:00,4516.77
2025-08-19 03:00:00+00:00,3623.40
2025-08-19 03:00:00+00:00,2192.95
2025-08-19 03:00:00+00:00,3952.44
2025-08-19 03:00:00+00:00,7330.38
2025-08-19 03:00:00+00:00,4714.12
2025-08-19 03:00:00+00:00,7173.75
2025-08-19 03:00:00+00:00,6769.89
2025-08-19 03:00:00+00:00,4994.68
2025-08-19 03:00:00+00:00,4633.54
2025-08-19 03:00:00+00:00,4341.47
2025-08-19 03:00:00+00:00,5382.77
2025-08-19 03:00:00+00:00,6668.86
2025-08-19 03:00:00+00:00,3486.50
2025-08-19 03:00:00+00:00,3578.12
2025-08-23 03:00:00+00:00,4513.75
2025-08-23 03:00:00+00:00,4763.74
2025-08-23 03:00:00+00:00,6857.76
2025-08-23 03:00:00+00:00,3677.00
2025-08-23 03:00:00+00:00,5561.20
2025-08-23 03:00:00+00:00,7357.15
2025-08-23 19:30:00+00:00,3847.06
2025-08-23 19:30:00+00:00,7174.93
2025-08-23 19:30:00+00:00,4722.51
2025-08-23 22:00:00+00:00,6904.85
2025-08-23 22:00:00+00:00,7105.86
2025-08-23 22:00:00+00:00,4568.76
2025-08-23 22:00:00+00:00,4809.22
2025-08-23 22:00:00+00:00,7268.26
2025-08-23 22:00:00+00:00,7479.85
2025-08-23 22:00:00+00:00,6750.57
2025-08-23 22:00:00+00:00,3623.56
2025-08-23 22:00:00+00:00,3739.23
2025-08-23 22:00:00+00:00,3936.03
2025-08-23 22:00:00+00:00,6684.93
2025-08-23 22:00:00+00:00,4453.57
2025-08-23 23:00:00+00:00,4510.08
2025-08-23 23:00:00+00:00,3670.13
2025-08-23 23:00:00+00:00,6858.39
2025-08-23 23:00:00+00:00,6778.12
2025-08-24 00:30:00+00:00,7413.53
2025-08-24 00:30:00+00:00,7091.61
2025-08-24 00:30:00+00:00,7252.67
2025-08-24 00:30:00+00:00,4375.40
2025-08-24 00:30:00+00:00,3839.87
2025-08-24 00:30:00+00:00,3698.07
2025-08-24 00:30:00+00:00,7096.33
2025-08-24 00:30:00+00:00,6903.15
2025-08-24 00:45:00+00:00,521937786.26
2025-08-24 01:30:00+00:00,534251513.41
2025-08-24 01:30:00+00:00,977238393.15
2025-08-24 02:45:00+00:00,3658.97
2025-08-24 02:45:00+00:00,7516.30
